,donorName,dataset,inconclusive,donorTau,totalNumberOfCells,totalNumberOfDeterminedCells,totalNumberOfUndeterminedCells,skewed
1,AIDA001,https://explore.data.humancellatlas.org/projects/f0f89c14-7460-4bab-9d42-22228a91f185,TRUE,0.404107194,1588,762,826,FALSE
2,AIDA002,https://explore.data.humancellatlas.org/projects/f0f89c14-7460-4bab-9d42-22228a91f186,FALSE,0.144689896,2019,1742,277,TRUE
3,AIDA003,https://explore.data.humancellatlas.org/projects/f0f89c14-7460-4bab-9d42-22228a91f187,FALSE,0.315198679,2290,1991,299,TRUE
4,AIDA004,https://explore.data.humancellatlas.org/projects/f0f89c14-7460-4bab-9d42-22228a91f188,FALSE,0.484733916,1586,1040,546,FALSE
5,AIDA005,https://explore.data.humancellatlas.org/projects/f0f89c14-7460-4bab-9d42-22228a91f189,FALSE,0.431115917,2537,1277,1260,FALSE
6,AIDA006,https://explore.data.humancellatlas.org/projects/f0f89c14-7460-4bab-9d42-22228a91f190,FALSE,0.479555382,2200,1230,970,FALSE
7,AIDA007,https://explore.data.humancellatlas.org/projects/f0f89c14-7460-4bab-9d42-22228a91f191,TRUE,0.328179966,2270,934,1336,TRUE
8,AIDA008,https://explore.data.humancellatlas.org/projects/f0f89c14-7460-4bab-9d42-22228a91f192,FALSE,0.542465066,1708,954,754,FALSE
9,AIDA009,https://explore.data.humancellatlas.org/projects/f0f89c14-7460-4bab-9d42-22228a91f193,FALSE,0.429373676,3701,1403,2298,FALSE
10,AIDA010,https://explore.data.humancellatlas.org/projects/f0f89c14-7460-4bab-9d42-22228a91f194,FALSE,0.486364047,1436,706,730,FALSE
11,AIDA011,https://explore.data.humancellatlas.org/projects/f0f89c14-7460-4bab-9d42-22228a91f195,FALSE,0.239297654,2047,1725,322,TRUE
12,AIDA012,https://explore.data.humancellatlas.org/projects/f0f89c14-7460-4bab-9d42-22228a91f196,FALSE,0.510486653,1667,989,678,FALSE
13,AIDA013,https://explore.data.humancellatlas.org/projects/f0f89c14-7460-4bab-9d42-22228a91f197,FALSE,0.397157384,1635,917,718,TRUE
14,AIDA014,https://explore.data.humancellatlas.org/projects/f0f89c14-7460-4bab-9d42-22228a91f198,FALSE,0.287803774,2009,1692,317,TRUE
15,AIDA015,https://explore.data.humancellatlas.org/projects/f0f89c14-7460-4bab-9d42-22228a91f199,FALSE,0.431077024,817,551,266,FALSE
16,AIDA016,https://explore.data.humancellatlas.org/projects/f0f89c14-7460-4bab-9d42-22228a91f200,FALSE,0.216238376,2423,2161,262,TRUE
17,AIDA017,https://explore.data.humancellatlas.org/projects/f0f89c14-7460-4bab-9d42-22228a91f201,FALSE,0.389481072,2315,1550,765,TRUE
18,AIDA018,https://explore.data.humancellatlas.org/projects/f0f89c14-7460-4bab-9d42-22228a91f202,FALSE,0.592347146,2428,1799,629,FALSE
19,AIDA019,https://explore.data.humancellatlas.org/projects/f0f89c14-7460-4bab-9d42-22228a91f203,FALSE,0.550570614,1973,988,985,FALSE
20,AIDA020,https://explore.data.humancellatlas.org/projects/f0f89c14-7460-4bab-9d42-22228a91f204,TRUE,0.655428441,1888,878,1010,TRUE
21,AIDA021,https://explore.data.humancellatlas.org/projects/f0f89c14-7460-4bab-9d42-22228a91f205,FALSE,0.499781922,2257,1300,957,FALSE
22,AIDA022,https://explore.data.humancellatlas.org/projects/f0f89c14-7460-4bab-9d42-22228a91f206,TRUE,0.833432374,2106,1742,364,TRUE
23,AIDA023,https://explore.data.humancellatlas.org/projects/f0f89c14-7460-4bab-9d42-22228a91f207,FALSE,0.122128461,1633,1438,195,TRUE
24,AIDA024,https://explore.data.humancellatlas.org/projects/f0f89c14-7460-4bab-9d42-22228a91f208,FALSE,0.488289656,2281,1520,761,FALSE
25,AIDA025,https://explore.data.humancellatlas.org/projects/f0f89c14-7460-4bab-9d42-22228a91f209,FALSE,0.310578706,1747,1470,277,TRUE
26,AIDA026,https://explore.data.humancellatlas.org/projects/f0f89c14-7460-4bab-9d42-22228a91f210,FALSE,0.656471741,1808,984,824,TRUE
27,AIDA027,https://explore.data.humancellatlas.org/projects/f0f89c14-7460-4bab-9d42-22228a91f211,TRUE,0.270210495,1657,1355,302,TRUE
28,AIDA028,https://explore.data.humancellatlas.org/projects/f0f89c14-7460-4bab-9d42-22228a91f212,TRUE,0.269892313,2272,1882,390,TRUE
29,AIDA029,https://explore.data.humancellatlas.org/projects/f0f89c14-7460-4bab-9d42-22228a91f213,FALSE,0.540259721,2697,1193,1504,FALSE
30,AIDA030,https://explore.data.humancellatlas.org/projects/f0f89c14-7460-4bab-9d42-22228a91f214,FALSE,0.621278936,1506,820,686,TRUE
31,AIDA031,https://explore.data.humancellatlas.org/projects/f0f89c14-7460-4bab-9d42-22228a91f215,TRUE,0.681453072,1518,1179,339,TRUE
32,AIDA032,https://explore.data.humancellatlas.org/projects/f0f89c14-7460-4bab-9d42-22228a91f216,FALSE,0.362568859,1237,766,471,TRUE
33,AIDA033,https://explore.data.humancellatlas.org/projects/f0f89c14-7460-4bab-9d42-22228a91f217,FALSE,0.575936583,2267,1296,971,FALSE
34,AIDA034,https://explore.data.humancellatlas.org/projects/f0f89c14-7460-4bab-9d42-22228a91f218,FALSE,0.608817388,2633,1838,795,TRUE
35,AIDA035,https://explore.data.humancellatlas.org/projects/f0f89c14-7460-4bab-9d42-22228a91f219,FALSE,0.567349458,2376,1349,1027,FALSE
36,AIDA036,https://explore.data.humancellatlas.org/projects/f0f89c14-7460-4bab-9d42-22228a91f220,FALSE,0.534579338,2688,1858,830,FALSE
37,AIDA037,https://explore.data.humancellatlas.org/projects/f0f89c14-7460-4bab-9d42-22228a91f221,TRUE,0.313112647,2544,2063,481,TRUE
38,AIDA038,https://explore.data.humancellatlas.org/projects/f0f89c14-7460-4bab-9d42-22228a91f222,FALSE,0.128521608,2240,1924,316,TRUE
39,AIDA039,https://explore.data.humancellatlas.org/projects/f0f89c14-7460-4bab-9d42-22228a91f223,FALSE,0.457768791,2200,1218,982,FALSE
40,AIDA040,https://explore.data.humancellatlas.org/projects/f0f89c14-7460-4bab-9d42-22228a91f224,FALSE,0.672027979,2026,1206,820,TRUE
41,AIDA041,https://explore.data.humancellatlas.org/projects/f0f89c14-7460-4bab-9d42-22228a91f225,FALSE,0.697991921,1752,1495,257,TRUE
42,AIDA042,https://explore.data.humancellatlas.org/projects/f0f89c14-7460-4bab-9d42-22228a91f226,FALSE,0.461853562,1862,1016,846,FALSE
43,AIDA043,https://explore.data.humancellatlas.org/projects/f0f89c14-7460-4bab-9d42-22228a91f227,FALSE,0.655247589,2670,1911,759,TRUE
44,AIDA044,https://explore.data.humancellatlas.org/projects/f0f89c14-7460-4bab-9d42-22228a91f228,FALSE,0.403104854,2030,1150,880,FALSE
45,AIDA045,https://explore.data.humancellatlas.org/projects/f0f89c14-7460-4bab-9d42-22228a91f229,FALSE,0.196420215,2014,1868,146,TRUE
46,AIDA046,https://explore.data.humancellatlas.org/projects/f0f89c14-7460-4bab-9d42-22228a91f230,TRUE,0.406857531,1058,443,615,FALSE
47,AIDA047,https://explore.data.humancellatlas.org/projects/f0f89c14-7460-4bab-9d42-22228a91f231,FALSE,0.400385467,2093,1207,886,FALSE
48,AIDA048,https://explore.data.humancellatlas.org/projects/f0f89c14-7460-4bab-9d42-22228a91f232,FALSE,0.852738715,1599,1342,257,TRUE
49,AIDA049,https://explore.data.humancellatlas.org/projects/f0f89c14-7460-4bab-9d42-22228a91f233,TRUE,0.38739701,1541,786,755,TRUE
50,AIDA050,https://explore.data.humancellatlas.org/projects/f0f89c14-7460-4bab-9d42-22228a91f234,FALSE,0.5604769,2559,1543,1016,FALSE
51,AIDA051,https://explore.data.humancellatlas.org/projects/f0f89c14-7460-4bab-9d42-22228a91f235,FALSE,0.535251302,2030,1293,737,FALSE
52,AIDA052,https://explore.data.humancellatlas.org/projects/f0f89c14-7460-4bab-9d42-22228a91f236,FALSE,0.543238764,1967,1253,714,FALSE
53,AIDA053,https://explore.data.humancellatlas.org/projects/f0f89c14-7460-4bab-9d42-22228a91f237,FALSE,0.522434363,1815,908,907,FALSE
54,AIDA054,https://explore.data.humancellatlas.org/projects/f0f89c14-7460-4bab-9d42-22228a91f238,FALSE,0.245215257,2554,2259,295,TRUE
55,AIDA055,https://explore.data.humancellatlas.org/projects/f0f89c14-7460-4bab-9d42-22228a91f239,FALSE,0.567979084,1856,1136,720,FALSE
56,AIDA056,https://explore.data.humancellatlas.org/projects/f0f89c14-7460-4bab-9d42-22228a91f240,TRUE,0.79290689,2720,2105,615,TRUE
57,AIDA057,https://explore.data.humancellatlas.org/projects/f0f89c14-7460-4bab-9d42-22228a91f241,FALSE,0.380422296,1765,974,791,TRUE
58,AIDA058,https://explore.data.humancellatlas.org/projects/f0f89c14-7460-4bab-9d42-22228a91f242,FALSE,0.123049182,2220,1793,427,TRUE
59,AIDA059,https://explore.data.humancellatlas.org/projects/f0f89c14-7460-4bab-9d42-22228a91f243,TRUE,0.328952699,2068,1147,921,TRUE
60,AIDA060,https://explore.data.humancellatlas.org/projects/f0f89c14-7460-4bab-9d42-22228a91f244,FALSE,0.682017747,2315,1938,377,TRUE
61,AIDA061,https://explore.data.humancellatlas.org/projects/f0f89c14-7460-4bab-9d42-22228a91f245,FALSE,0.239852675,1546,1324,222,TRUE
62,AIDA062,https://explore.data.humancellatlas.org/projects/f0f89c14-7460-4bab-9d42-22228a91f246,FALSE,0.820621967,2476,2156,320,TRUE
63,AIDA063,https://explore.data.humancellatlas.org/projects/f0f89c14-7460-4bab-9d42-22228a91f247,FALSE,0.619362874,2157,1177,980,TRUE
64,AIDA064,https://explore.data.humancellatlas.org/projects/f0f89c14-7460-4bab-9d42-22228a91f248,FALSE,0.742994085,2226,1826,400,TRUE
65,AIDA065,https://explore.data.humancellatlas.org/projects/f0f89c14-7460-4bab-9d42-22228a91f249,FALSE,0.470038652,2304,1548,756,FALSE
66,AIDA066,https://explore.data.humancellatlas.org/projects/f0f89c14-7460-4bab-9d42-22228a91f250,FALSE,0.723686699,1924,1671,253,TRUE
67,AIDA068,https://explore.data.humancellatlas.org/projects/f0f89c14-7460-4bab-9d42-22228a91f251,FALSE,0.560266044,2587,1713,874,FALSE
68,AIDA069,https://explore.data.humancellatlas.org/projects/f0f89c14-7460-4bab-9d42-22228a91f252,TRUE,0.428001353,1431,695,736,FALSE
69,AIDA072,https://explore.data.humancellatlas.org/projects/f0f89c14-7460-4bab-9d42-22228a91f253,FALSE,0.514671758,2640,1419,1221,FALSE
70,AIDA073,https://explore.data.humancellatlas.org/projects/f0f89c14-7460-4bab-9d42-22228a91f254,FALSE,0.772014047,2295,1989,306,TRUE
71,AIDA075,https://explore.data.humancellatlas.org/projects/f0f89c14-7460-4bab-9d42-22228a91f255,TRUE,0.302196706,1156,919,237,TRUE
72,AIDA076,https://explore.data.humancellatlas.org/projects/f0f89c14-7460-4bab-9d42-22228a91f256,FALSE,0.39484449,1851,1015,836,TRUE
73,AIDA077,https://explore.data.humancellatlas.org/projects/f0f89c14-7460-4bab-9d42-22228a91f257,FALSE,0.682778421,1794,1478,316,TRUE
74,AIDA078,https://explore.data.humancellatlas.org/projects/f0f89c14-7460-4bab-9d42-22228a91f258,FALSE,0.661480686,2648,1936,712,TRUE
75,AIDA079,https://explore.data.humancellatlas.org/projects/f0f89c14-7460-4bab-9d42-22228a91f259,FALSE,0.508750512,2065,1502,563,FALSE
76,AIDA080,https://explore.data.humancellatlas.org/projects/f0f89c14-7460-4bab-9d42-22228a91f260,FALSE,0.49397472,2004,966,1038,FALSE
77,AIDA081,https://explore.data.humancellatlas.org/projects/f0f89c14-7460-4bab-9d42-22228a91f261,FALSE,0.31060712,2193,1873,320,TRUE
78,AIDA082,https://explore.data.humancellatlas.org/projects/f0f89c14-7460-4bab-9d42-22228a91f262,FALSE,0.660281183,1316,705,611,TRUE
79,AIDA083,https://explore.data.humancellatlas.org/projects/f0f89c14-7460-4bab-9d42-22228a91f263,FALSE,0.438619409,2176,1242,934,FALSE
80,AIDA084,https://explore.data.humancellatlas.org/projects/f0f89c14-7460-4bab-9d42-22228a91f264,FALSE,0.243225371,1759,1490,269,TRUE
81,AIDA085,https://explore.data.humancellatlas.org/projects/f0f89c14-7460-4bab-9d42-22228a91f265,FALSE,0.5330796,2432,1370,1062,FALSE
82,AIDA086,https://explore.data.humancellatlas.org/projects/f0f89c14-7460-4bab-9d42-22228a91f266,TRUE,0.379202438,1781,886,895,TRUE
83,AIDA087,https://explore.data.humancellatlas.org/projects/f0f89c14-7460-4bab-9d42-22228a91f267,FALSE,0.394462499,2422,1470,952,TRUE
84,AIDA088,https://explore.data.humancellatlas.org/projects/f0f89c14-7460-4bab-9d42-22228a91f268,FALSE,0.622017051,1459,915,544,TRUE
85,AIDA089,https://explore.data.humancellatlas.org/projects/f0f89c14-7460-4bab-9d42-22228a91f269,FALSE,0.561227046,2313,1360,953,FALSE
86,AIDA091,https://explore.data.humancellatlas.org/projects/f0f89c14-7460-4bab-9d42-22228a91f270,FALSE,0.363395395,1709,1014,695,TRUE
87,AIDA092,https://explore.data.humancellatlas.org/projects/f0f89c14-7460-4bab-9d42-22228a91f271,TRUE,0.295595292,2333,1962,371,TRUE
88,AIDA093,https://explore.data.humancellatlas.org/projects/f0f89c14-7460-4bab-9d42-22228a91f272,FALSE,0.199223311,2228,1910,318,TRUE
89,AIDA094,https://explore.data.humancellatlas.org/projects/f0f89c14-7460-4bab-9d42-22228a91f273,FALSE,0.340502076,1492,802,690,TRUE
90,AIDA095,https://explore.data.humancellatlas.org/projects/f0f89c14-7460-4bab-9d42-22228a91f274,FALSE,0.584931334,2522,1592,930,FALSE
91,AIDA096,https://explore.data.humancellatlas.org/projects/f0f89c14-7460-4bab-9d42-22228a91f275,FALSE,0.163364665,2293,1994,299,TRUE
92,AIDA097,https://explore.data.humancellatlas.org/projects/f0f89c14-7460-4bab-9d42-22228a91f276,TRUE,0.308426486,1698,1364,334,TRUE
93,AIDA098,https://explore.data.humancellatlas.org/projects/f0f89c14-7460-4bab-9d42-22228a91f277,FALSE,0.167062242,2433,2089,344,TRUE
94,AIDA099,https://explore.data.humancellatlas.org/projects/f0f89c14-7460-4bab-9d42-22228a91f278,FALSE,0.772830903,1961,1667,294,TRUE
95,AIDA100,https://explore.data.humancellatlas.org/projects/f0f89c14-7460-4bab-9d42-22228a91f279,FALSE,0.671897507,2463,1681,782,TRUE
96,AIDA101,https://explore.data.humancellatlas.org/projects/f0f89c14-7460-4bab-9d42-22228a91f280,FALSE,0.79856937,1488,1305,183,TRUE
97,AIDA102,https://explore.data.humancellatlas.org/projects/f0f89c14-7460-4bab-9d42-22228a91f281,FALSE,0.635882221,1779,1203,576,TRUE
98,AIDA103,https://explore.data.humancellatlas.org/projects/f0f89c14-7460-4bab-9d42-22228a91f282,TRUE,0.616458972,2078,1082,996,TRUE
99,AIDA104,https://explore.data.humancellatlas.org/projects/f0f89c14-7460-4bab-9d42-22228a91f283,FALSE,0.722553369,2195,1880,315,TRUE
100,AIDA105,https://explore.data.humancellatlas.org/projects/f0f89c14-7460-4bab-9d42-22228a91f284,FALSE,0.685696344,2304,1908,396,TRUE
101,AIDA106,https://explore.data.humancellatlas.org/projects/f0f89c14-7460-4bab-9d42-22228a91f285,FALSE,0.609945206,2120,1370,750,TRUE
102,AIDA107,https://explore.data.humancellatlas.org/projects/f0f89c14-7460-4bab-9d42-22228a91f286,TRUE,0.202879469,1423,1107,316,TRUE
103,AIDA108,https://explore.data.humancellatlas.org/projects/f0f89c14-7460-4bab-9d42-22228a91f287,TRUE,0.783339348,622,503,119,TRUE
104,AIDA109,https://explore.data.humancellatlas.org/projects/f0f89c14-7460-4bab-9d42-22228a91f288,TRUE,0.337192613,2123,682,1441,TRUE
105,AIDA110,https://explore.data.humancellatlas.org/projects/f0f89c14-7460-4bab-9d42-22228a91f289,TRUE,0.672123535,1760,909,851,TRUE
106,AIDA111,https://explore.data.humancellatlas.org/projects/f0f89c14-7460-4bab-9d42-22228a91f290,FALSE,0.623043274,1731,1025,706,TRUE
107,AIDA112,https://explore.data.humancellatlas.org/projects/f0f89c14-7460-4bab-9d42-22228a91f291,FALSE,0.578850499,2326,1304,1022,FALSE
108,AIDA113,https://explore.data.humancellatlas.org/projects/f0f89c14-7460-4bab-9d42-22228a91f292,FALSE,0.325607846,2338,1237,1101,TRUE
109,AIDA114,https://explore.data.humancellatlas.org/projects/f0f89c14-7460-4bab-9d42-22228a91f293,FALSE,0.569702362,1607,950,657,FALSE
110,AIDA115,https://explore.data.humancellatlas.org/projects/f0f89c14-7460-4bab-9d42-22228a91f294,FALSE,0.475110594,2041,1049,992,FALSE
111,AIDA116,https://explore.data.humancellatlas.org/projects/f0f89c14-7460-4bab-9d42-22228a91f295,FALSE,0.657704221,2613,1887,726,TRUE
112,AIDA117,https://explore.data.humancellatlas.org/projects/f0f89c14-7460-4bab-9d42-22228a91f296,FALSE,0.591274515,2036,1118,918,FALSE
113,AIDA118,https://explore.data.humancellatlas.org/projects/f0f89c14-7460-4bab-9d42-22228a91f297,FALSE,0.245221701,1776,1509,267,TRUE
114,AIDA119,https://explore.data.humancellatlas.org/projects/f0f89c14-7460-4bab-9d42-22228a91f298,FALSE,0.505316752,2031,1163,868,FALSE
115,AIDA120,https://explore.data.humancellatlas.org/projects/f0f89c14-7460-4bab-9d42-22228a91f299,TRUE,0.217708298,1571,1292,279,TRUE
116,AIDA121,https://explore.data.humancellatlas.org/projects/f0f89c14-7460-4bab-9d42-22228a91f300,FALSE,0.329792728,2438,1740,698,TRUE
117,AIDA122,https://explore.data.humancellatlas.org/projects/f0f89c14-7460-4bab-9d42-22228a91f301,FALSE,0.392931316,2474,1385,1089,TRUE
118,AIDA123,https://explore.data.humancellatlas.org/projects/f0f89c14-7460-4bab-9d42-22228a91f302,FALSE,0.358294938,2300,1588,712,TRUE
119,AIDA124,https://explore.data.humancellatlas.org/projects/f0f89c14-7460-4bab-9d42-22228a91f303,TRUE,0.585160569,1493,599,894,FALSE
120,AIDA125,https://explore.data.humancellatlas.org/projects/f0f89c14-7460-4bab-9d42-22228a91f304,FALSE,0.705724308,2147,1741,406,TRUE
121,AIDA126,https://explore.data.humancellatlas.org/projects/f0f89c14-7460-4bab-9d42-22228a91f305,TRUE,0.60895485,1214,559,655,TRUE
122,AIDA127,https://explore.data.humancellatlas.org/projects/f0f89c14-7460-4bab-9d42-22228a91f306,FALSE,0.508851624,1353,703,650,FALSE
123,AIDA128,https://explore.data.humancellatlas.org/projects/f0f89c14-7460-4bab-9d42-22228a91f307,FALSE,0.407965205,1707,884,823,FALSE
124,AIDA129,https://explore.data.humancellatlas.org/projects/f0f89c14-7460-4bab-9d42-22228a91f308,FALSE,0.507489643,2206,1230,976,FALSE
125,AIDA130,https://explore.data.humancellatlas.org/projects/f0f89c14-7460-4bab-9d42-22228a91f309,FALSE,0.302543984,1670,1419,251,TRUE
126,AIDA131,https://explore.data.humancellatlas.org/projects/f0f89c14-7460-4bab-9d42-22228a91f310,FALSE,0.470146354,2659,2020,639,FALSE
127,AIDA132,https://explore.data.humancellatlas.org/projects/f0f89c14-7460-4bab-9d42-22228a91f311,TRUE,0.646026429,2534,883,1651,TRUE
128,AIDA133,https://explore.data.humancellatlas.org/projects/f0f89c14-7460-4bab-9d42-22228a91f312,TRUE,0.582206482,2719,1255,1464,FALSE
129,AIDA134,https://explore.data.humancellatlas.org/projects/f0f89c14-7460-4bab-9d42-22228a91f313,TRUE,0.664482299,1695,671,1024,TRUE
130,AIDA135,https://explore.data.humancellatlas.org/projects/f0f89c14-7460-4bab-9d42-22228a91f314,FALSE,0.593688622,2127,1062,1065,FALSE
131,AIDA137,https://explore.data.humancellatlas.org/projects/f0f89c14-7460-4bab-9d42-22228a91f315,FALSE,0.613362631,2150,1136,1014,TRUE
132,AIDA138,https://explore.data.humancellatlas.org/projects/f0f89c14-7460-4bab-9d42-22228a91f316,FALSE,0.515471094,1936,895,1041,FALSE
133,AIDA139,https://explore.data.humancellatlas.org/projects/f0f89c14-7460-4bab-9d42-22228a91f317,TRUE,0.644646005,1587,655,932,TRUE
134,AIDA140,https://explore.data.humancellatlas.org/projects/f0f89c14-7460-4bab-9d42-22228a91f318,FALSE,0.43986289,1907,1093,814,FALSE
135,AIDA141,https://explore.data.humancellatlas.org/projects/f0f89c14-7460-4bab-9d42-22228a91f319,FALSE,0.448700224,1616,901,715,FALSE
136,AIDA143,https://explore.data.humancellatlas.org/projects/f0f89c14-7460-4bab-9d42-22228a91f320,TRUE,0.649842493,1789,639,1150,TRUE
137,AIDA144,https://explore.data.humancellatlas.org/projects/f0f89c14-7460-4bab-9d42-22228a91f321,FALSE,0.479344736,1587,925,662,FALSE
138,AIDA145,https://explore.data.humancellatlas.org/projects/f0f89c14-7460-4bab-9d42-22228a91f322,FALSE,0.451978639,2427,1626,801,FALSE
139,AIDA146,https://explore.data.humancellatlas.org/projects/f0f89c14-7460-4bab-9d42-22228a91f323,FALSE,0.297890986,1745,1491,254,TRUE
140,AIDA147,https://explore.data.humancellatlas.org/projects/f0f89c14-7460-4bab-9d42-22228a91f324,FALSE,0.421875665,2053,1245,808,FALSE
141,AIDA148,https://explore.data.humancellatlas.org/projects/f0f89c14-7460-4bab-9d42-22228a91f325,TRUE,0.293038416,1631,1259,372,TRUE
142,AIDA149,https://explore.data.humancellatlas.org/projects/f0f89c14-7460-4bab-9d42-22228a91f326,TRUE,0.647170626,1459,650,809,TRUE
143,AIDA150,https://explore.data.humancellatlas.org/projects/f0f89c14-7460-4bab-9d42-22228a91f327,TRUE,0.240964393,756,541,215,TRUE
144,AIDA151,https://explore.data.humancellatlas.org/projects/f0f89c14-7460-4bab-9d42-22228a91f328,FALSE,0.361065649,2003,1069,934,TRUE
145,AIDA152,https://explore.data.humancellatlas.org/projects/f0f89c14-7460-4bab-9d42-22228a91f329,FALSE,0.662472971,1272,684,588,TRUE
146,AIDA153,https://explore.data.humancellatlas.org/projects/f0f89c14-7460-4bab-9d42-22228a91f330,FALSE,0.483748504,2087,1297,790,FALSE
147,AIDA154,https://explore.data.humancellatlas.org/projects/f0f89c14-7460-4bab-9d42-22228a91f331,TRUE,0.412558583,1628,508,1120,FALSE
148,AIDA155,https://explore.data.humancellatlas.org/projects/f0f89c14-7460-4bab-9d42-22228a91f332,FALSE,0.650516541,2270,1474,796,TRUE
149,AIDA156,https://explore.data.humancellatlas.org/projects/f0f89c14-7460-4bab-9d42-22228a91f333,TRUE,0.716533335,1775,1447,328,TRUE
150,AIDA157,https://explore.data.humancellatlas.org/projects/f0f89c14-7460-4bab-9d42-22228a91f334,FALSE,0.669163152,1537,1014,523,TRUE
151,AIDA158,https://explore.data.humancellatlas.org/projects/f0f89c14-7460-4bab-9d42-22228a91f335,FALSE,0.276722888,2278,1954,324,TRUE
152,AIDA160,https://explore.data.humancellatlas.org/projects/f0f89c14-7460-4bab-9d42-22228a91f336,FALSE,0.265235804,2392,2027,365,TRUE
153,AIDA161,https://explore.data.humancellatlas.org/projects/f0f89c14-7460-4bab-9d42-22228a91f337,FALSE,0.17866851,2485,2110,375,TRUE
154,AIDA162,https://explore.data.humancellatlas.org/projects/f0f89c14-7460-4bab-9d42-22228a91f338,FALSE,0.606384109,2022,1025,997,TRUE
155,AIDA163,https://explore.data.humancellatlas.org/projects/f0f89c14-7460-4bab-9d42-22228a91f339,FALSE,0.401232981,1646,855,791,FALSE
156,AIDA164,https://explore.data.humancellatlas.org/projects/f0f89c14-7460-4bab-9d42-22228a91f340,TRUE,0.734117776,2237,1818,419,TRUE
157,AIDA165,https://explore.data.humancellatlas.org/projects/f0f89c14-7460-4bab-9d42-22228a91f341,FALSE,0.398385931,1192,720,472,TRUE
158,AIDA166,https://explore.data.humancellatlas.org/projects/f0f89c14-7460-4bab-9d42-22228a91f342,FALSE,0.268166069,2171,1836,335,TRUE
159,AIDA168,https://explore.data.humancellatlas.org/projects/f0f89c14-7460-4bab-9d42-22228a91f343,FALSE,0.478060074,2257,1568,689,FALSE
160,AIDA169,https://explore.data.humancellatlas.org/projects/f0f89c14-7460-4bab-9d42-22228a91f344,FALSE,0.46874818,2277,1632,645,FALSE
161,AIDA170,https://explore.data.humancellatlas.org/projects/f0f89c14-7460-4bab-9d42-22228a91f345,TRUE,0.361978858,1706,919,787,TRUE
162,AIDA171,https://explore.data.humancellatlas.org/projects/f0f89c14-7460-4bab-9d42-22228a91f346,FALSE,0.536731612,1713,816,897,FALSE
163,AIDA172,https://explore.data.humancellatlas.org/projects/f0f89c14-7460-4bab-9d42-22228a91f347,FALSE,0.481166037,683,242,441,FALSE
164,AIDA173,https://explore.data.humancellatlas.org/projects/f0f89c14-7460-4bab-9d42-22228a91f348,FALSE,0.432794879,1967,810,1157,FALSE
165,AIDA174,https://explore.data.humancellatlas.org/projects/f0f89c14-7460-4bab-9d42-22228a91f349,FALSE,0.489039637,1786,675,1111,FALSE
166,AIDA175,https://explore.data.humancellatlas.org/projects/f0f89c14-7460-4bab-9d42-22228a91f350,TRUE,0.692319099,1621,1235,386,TRUE
167,AIDA176,https://explore.data.humancellatlas.org/projects/f0f89c14-7460-4bab-9d42-22228a91f351,FALSE,0.522975992,1233,703,530,FALSE
168,AIDA177,https://explore.data.humancellatlas.org/projects/f0f89c14-7460-4bab-9d42-22228a91f352,FALSE,0.368976081,2540,1685,855,TRUE
169,AIDA178,https://explore.data.humancellatlas.org/projects/f0f89c14-7460-4bab-9d42-22228a91f353,FALSE,0.515924458,2199,890,1309,FALSE
170,AIDA179,https://explore.data.humancellatlas.org/projects/f0f89c14-7460-4bab-9d42-22228a91f354,FALSE,0.583623054,1056,680,376,FALSE
171,AIDA180,https://explore.data.humancellatlas.org/projects/f0f89c14-7460-4bab-9d42-22228a91f355,FALSE,0.62170741,2287,1254,1033,TRUE
172,AIDA181,https://explore.data.humancellatlas.org/projects/f0f89c14-7460-4bab-9d42-22228a91f356,FALSE,0.584546581,2027,1163,864,FALSE
173,AIDA182,https://explore.data.humancellatlas.org/projects/f0f89c14-7460-4bab-9d42-22228a91f357,TRUE,0.264987892,1930,1584,346,TRUE
174,AIDA183,https://explore.data.humancellatlas.org/projects/f0f89c14-7460-4bab-9d42-22228a91f358,TRUE,0.764060601,386,319,67,TRUE
175,AIDA184,https://explore.data.humancellatlas.org/projects/f0f89c14-7460-4bab-9d42-22228a91f359,FALSE,0.536812632,2153,1382,771,FALSE
176,AIDA185,https://explore.data.humancellatlas.org/projects/f0f89c14-7460-4bab-9d42-22228a91f360,TRUE,0.847232136,2182,1788,394,TRUE
177,AIDA186,https://explore.data.humancellatlas.org/projects/f0f89c14-7460-4bab-9d42-22228a91f361,TRUE,0.673931163,2506,883,1623,TRUE
178,AIDA187,https://explore.data.humancellatlas.org/projects/f0f89c14-7460-4bab-9d42-22228a91f362,FALSE,0.282801092,1782,1508,274,TRUE
179,AIDA188,https://explore.data.humancellatlas.org/projects/f0f89c14-7460-4bab-9d42-22228a91f363,FALSE,0.691875853,543,455,88,TRUE
180,AIDA189,https://explore.data.humancellatlas.org/projects/f0f89c14-7460-4bab-9d42-22228a91f364,TRUE,0.171362406,1095,855,240,TRUE
181,AIDA190,https://explore.data.humancellatlas.org/projects/f0f89c14-7460-4bab-9d42-22228a91f365,FALSE,0.524481689,1584,685,899,FALSE
182,AIDA191,https://explore.data.humancellatlas.org/projects/f0f89c14-7460-4bab-9d42-22228a91f366,FALSE,0.360084826,1910,1233,677,TRUE
183,AIDA192,https://explore.data.humancellatlas.org/projects/f0f89c14-7460-4bab-9d42-22228a91f367,FALSE,0.295253164,1881,1606,275,TRUE
184,AIDA193,https://explore.data.humancellatlas.org/projects/f0f89c14-7460-4bab-9d42-22228a91f368,FALSE,0.639429831,1063,620,443,TRUE
185,AIDA194,https://explore.data.humancellatlas.org/projects/f0f89c14-7460-4bab-9d42-22228a91f369,FALSE,0.428304628,1031,655,376,FALSE
186,AIDA195,https://explore.data.humancellatlas.org/projects/f0f89c14-7460-4bab-9d42-22228a91f370,FALSE,0.508376736,1320,819,501,FALSE
187,AIDA196,https://explore.data.humancellatlas.org/projects/f0f89c14-7460-4bab-9d42-22228a91f371,FALSE,0.593452276,2630,1809,821,FALSE
188,AIDA197,https://explore.data.humancellatlas.org/projects/f0f89c14-7460-4bab-9d42-22228a91f372,TRUE,0.323107474,2213,1232,981,TRUE
189,AIDA198,https://explore.data.humancellatlas.org/projects/f0f89c14-7460-4bab-9d42-22228a91f373,FALSE,0.585457582,121,57,64,FALSE
190,AIDA199,https://explore.data.humancellatlas.org/projects/f0f89c14-7460-4bab-9d42-22228a91f374,FALSE,0.781243905,2167,1876,291,TRUE